date,meantempm,meandewptm,meanpressurem,maxhumidity,minhumidity,maxtempm,mintempm,maxdewptm,mindewptm,maxpressurem,minpressurem,precipm
01-05-2016,34,-1,1005.63,24,4,43,26,9,-10,1009,999,0
02-05-2016,36,4,1005.46,21,6,43,29,10,-2,1008,1001,0
03-05-2016,35,6,1006,27,5,41,29,12,-2,1009,1000,0
04-05-2016,34,7,1005.65,29,6,41,27,13,0,1008,1001,0
05-05-2016,31,11,1007.94,61,13,38,24,16,6,1011,1003,5
06-05-2016,28,13,1008.39,69,18,34,21,17,9,1011,1004,0
07-05-2016,30,10,1007.62,50,8,38,23,14,6,1010,1002,0
08-05-2016,34,8,1006.73,32,7,41,26,12,6,1010,1002,0
09-05-2016,34,11,1005.75,45,7,42,27,16,7,1008,1000,0.3
10-05-2016,34,16,1007.1,51,12,41,27,18,13,1010,1002,0.8
11-05-2016,32,16,1006.78,66,16,40,25,22,10,1011,1001,2
12-05-2016,34,13,1003.83,58,9,42,27,20,10,1007,998,0.3
13-05-2016,34,11,1003.56,40,9,42,26,16,7,1006,998,0
14-05-2016,35,13,1004.74,48,8,42,28,19,10,1007,1000,0
15-05-2016,36,12,1005.02,40,7,44,29,16,9,1008,1001,0
16-05-2016,36,13,1003.68,51,6,43,28,19,7,1006,999,3
17-05-2016,35,13,1001.58,42,8,44,26,16,10,1010,995,0
18-05-2016,36,11,999.88,45,5,45,27,17,6,1002,994,0
19-05-2016,38,6,998.96,33,4,46,29,13,-2,1002,994,0
20-05-2016,38,10,997.92,38,4,46,30,18,0,1001,992,0
21-05-2016,38,12,998.41,30,6,45,32,17,3,1001,992,0
22-05-2016,38,16,999.88,46,10,44,31,21,8,1003,995,0
23-05-2016,34,18,1001.13,69,18,42,25,21,15,1006,994,0.5
24-05-2016,32,16,1002.15,74,14,40,23,20,12,1005,996,0
25-05-2016,34,17,1000.02,51,16,40,28,20,15,1003,994,0
26-05-2016,34,16,1001.7,46,14,40,28,19,13,1004,997,0
27-05-2016,36,13,1003.43,40,7,42,30,18,7,1006,998,0
28-05-2016,35,16,1003.17,46,15,40,30,20,13,1009,997,0
29-05-2016,33,16,1002.18,48,16,41,25,18,13,1005,996,0
30-05-2016,32,17,1003.67,58,21,37,26,20,8,1007,999,0
31-05-2016,34,16,1005.08,52,12,41,28,20,10,1008,999,0
01-06-2016,35,13,1005.44,42,10,42,28,18,8,1009,999,0
02-06-2016,36,13,1004.8,38,10,42,30,18,9,1009,999,0
03-06-2016,38,13,1004.93,34,10,43,32,18,7,1008,999,0
04-06-2016,38,5,1004.67,27,4,44,31,18,2,1007,999,0
05-06-2016,38,6,1003.88,27,4,45,31,16,0,1007,998,0
06-06-2016,36,13,1003.29,51,5,44,27,21,5,1007,997,0
07-06-2016,38,12,1002.83,47,4,45,30,22,2,1006,996,0
08-06-2016,38,12,1001.24,43,7,44,31,19,8,1004,994,0
09-06-2016,36,12,1000.57,34,6,44,29,17,6,1003,994,0
10-06-2016,37,15,1000.6,41,11,43,31,21,12,1003,994,0
11-06-2016,34,18,1001.62,62,16,41,27,22,13,1004,994,0
12-06-2016,34,18,1001.2,58,23,41,27,21,15,1004,996,0
13-06-2016,35,19,1001.42,58,17,40,30,26,14,1004,995,0
14-06-2016,34,18,1000.63,49,18,39,29,24,16,1004,994,0
15-06-2016,34,18,998.76,52,16,39,30,22,15,1002,993,0
16-06-2016,35,17,999.57,46,21,40,30,20,13,1003,994,0
17-06-2016,36,17,1000.55,41,15,42,31,21,13,1003,994,0
18-06-2016,36,19,1001.7,46,15,42,30,22,15,1004,995,0
19-06-2016,35,20,1002.2,52,17,41,29,23,16,1005,996,0
20-06-2016,35,21,1001.2,66,21,41,29,23,17,1004,994,0
21-06-2016,34,22,1001.45,89,27,40,27,25,20,1003,999,3
22-06-2016,32,23,1003,84,31,37,27,25,20,1006,998,0
23-06-2016,34,23,1002.88,79,27,40,27,25,19,1007,996,0
24-06-2016,34,21,1001.19,62,24,40,28,23,18,1004,995,0
25-06-2016,34,21,1002.21,62,24,40,29,23,20,1005,998,2
26-06-2016,34,21,1001.93,66,30,39,29,25,18,1005,995,0.2
27-06-2016,34,23,1001.27,84,35,39,29,26,21,1003,997,4
28-06-2016,30,25,1002.41,94,45,35,25,26,23,1005,998,0
29-06-2016,32,24,1002.48,84,32,39,26,26,21,1005,996,0
30-06-2016,36,23,1000.22,62,22,42,30,26,19,1003,994,0
01-07-2016,28,25,999.43,100,55,33,24,27,23,1003,994,6
02-07-2016,26,25,999.87,100,66,31,22,26,23,1001,997,0
03-07-2016,28,25,1000.04,100,60,31,24,26,24,1007,996,0
04-07-2016,30,23,999.3,94,36,36,25,26,21,1001,994,0
05-07-2016,32,24,998.43,82,36,37,27,26,22,1001,993,0
06-07-2016,34,23,998.86,70,33,38,29,26,22,1002,994,0
07-07-2016,33,22,999.96,73,31,38,28,26,21,1002,995,0
08-07-2016,33,23,999.45,76,40,38,28,25,21,1002,994,0
09-07-2016,32,24,998.33,89,35,38,26,25,22,1000,994,0.7
10-07-2016,31,24,998.09,94,37,37,25,26,21,1000,993,16
11-07-2016,29,24,999.24,89,40,35,23,25,22,1001,995,0.2
12-07-2016,28,25,1000.34,94,66,31,26,27,23,1003,996,5
13-07-2016,30,26,1000.26,89,56,34,26,26,24,1002,996,0
14-07-2016,30,26,1000.84,91,60,33,26,26,25,1003,997,0.6
15-07-2016,26,26,1001.66,100,51,28,25,27,15,1003,999,23
16-07-2016,26,26,1002.31,100,82,28,24,27,24,1005,998,51
17-07-2016,27,25,1003.93,100,69,31,23,26,23,1006,1001,0
18-07-2016,28,25,1003.69,100,49,34,23,26,23,1006,999,0
19-07-2016,30,24,1003.27,84,42,35,25,25,23,1006,999,0
20-07-2016,30,23,1003.05,84,36,36,25,24,21,1006,998,0
21-07-2016,32,22,1002.77,74,34,37,26,23,20,1005,997,0
22-07-2016,32,22,1001.84,74,34,36,27,23,21,1004,997,0
23-07-2016,32,23,1002.64,74,39,36,27,24,20,1005,999,0
24-07-2016,30,24,1004.37,89,52,34,27,26,22,1006,1000,0
25-07-2016,30,24,1004.21,89,43,35,26,25,22,1006,1001,0
26-07-2016,30,24,1004.4,89,50,35,26,25,23,1007,1000,0
27-07-2016,27,25,1005.23,94,69,30,24,27,23,1007,1002,6
28-07-2016,28,25,1003.98,100,66,32,24,26,24,1006,1001,36
29-07-2016,27,25,1002.77,100,66,31,23,27,24,1005,999,21
30-07-2016,28,25,1002.82,100,59,32,23,26,25,1005,999,9
31-07-2016,28,26,1002.3,100,55,33,24,26,24,1005,999,0
01-08-2016,28,25,1000.5,94,68,32,24,26,24,1003,997,9
02-08-2016,26,25,998.93,100,84,27,24,27,24,1001,995,35
03-08-2016,28,25,999.11,100,57,32,23,28,24,1002,995,16
04-08-2016,27,26,999.88,100,74,30,24,27,25,1002,996,15
05-08-2016,28,26,1000.86,94,65,32,24,27,25,1003,996,0
06-08-2016,30,26,1000.87,89,38,33,26,27,16,1003,997,0
07-08-2016,29,26,1001.42,94,56,33,25,27,25,1004,997,0
08-08-2016,28,26,1001.07,100,66,31,25,27,25,1003,997,23
09-08-2016,28,26,999.4,96,65,32,24,27,25,1002,995,2
10-08-2016,26,25,1000.64,100,28,29,24,26,6,1003,998,26
11-08-2016,25,25,1003.11,100,88,27,23,26,24,1006,1000,5
12-08-2016,26,25,1004.53,100,63,31,22,26,23,1010,1001,0
13-08-2016,28,25,1003.62,100,63,32,24,26,24,1006,1000,0
14-08-2016,28,25,1003.22,100,60,32,23,25,24,1005,999,0
15-08-2016,28,23,1002.53,89,47,32,24,25,22,1004,999,0
16-08-2016,27,23,1000.88,94,44,32,22,24,21,1003,997,0
17-08-2016,28,23,1001.42,89,54,32,23,25,22,1004,997,2
18-08-2016,26,24,1002.27,94,69,30,23,25,22,1005,999,2
19-08-2016,28,25,1001.45,89,63,32,24,26,23,1004,997,0.2
20-08-2016,28,24,1000.19,94,58,30,25,26,23,1002,996,0.1
21-08-2016,24,23,1001.04,100,78,25,22,24,22,1003,998,0.8
22-08-2016,26,25,1003.27,100,70,29,22,26,24,1005,1000,0.3
23-08-2016,26,25,1004.14,100,61,29,24,26,23,1013,1000,7
24-08-2016,26,25,1002.41,100,81,28,23,26,24,1005,999,14
25-08-2016,27,25,1005.87,100,60,31,23,26,23,1008,1002,0
26-08-2016,31,24,1006.63,94,36,39,23,26,23,1009,1003,0
27-08-2016,28,25,1007.15,94,57,32,25,27,23,1010,1003,0
28-08-2016,26,25,1007.44,100,70,30,21,27,23,1010,1003,18
29-08-2016,28,25,1005.08,100,57,33,23,26,24,1007,1000,0
30-08-2016,28,25,1003.73,100,70,33,24,27,24,1006,1000,4
31-08-2016,30,25,1003.96,100,55,34,25,27,22,1006,999,8
01-09-2016,26,24,1004.58,100,73,30,23,26,22,1007,1001,0.8
02-09-2016,28,24,1003.95,97,40,33,24,25,20,1006,1000,0
03-09-2016,28,23,1004,94,50,33,23,25,21,1006,1000,0
04-09-2016,27,22,1006.34,89,29,32,22,23,16,1009,1003,0
05-09-2016,28,21,1007,89,45,32,23,22,20,1009,1003,0
06-09-2016,28,21,1007.47,83,42,32,23,22,19,1010,1004,0
07-09-2016,28,21,1006.89,83,41,33,23,22,20,1009,1003,0
08-09-2016,29,21,1007.97,83,41,34,24,22,21,1010,1005,0
09-09-2016,28,20,1009.06,74,35,34,23,22,18,1012,1004,0
10-09-2016,28,20,1008.09,78,38,34,23,21,19,1011,1004,0
11-09-2016,29,20,1007.07,74,37,34,24,21,19,1009,1003,0
12-09-2016,28,20,1007.23,79,33,34,22,21,18,1009,1003,0
13-09-2016,30,20,1008.54,69,31,35,25,22,19,1011,1004,0
14-09-2016,28,21,1008.51,82,38,34,23,23,19,1011,1004,0
15-09-2016,30,21,1007.28,78,32,35,24,24,18,1010,1002,0
16-09-2016,30,19,1006.26,70,22,36,24,23,16,1010,1001,0
17-09-2016,30,19,1005.32,73,20,37,22,22,14,1008,1000,0
18-09-2016,30,20,1006.23,78,23,36,23,23,17,1009,1002,0
19-09-2016,30,20,1005.76,78,24,37,24,23,16,1008,1001,0
20-09-2016,32,20,1004.84,79,17,37,26,24,10,1007,999,0
21-09-2016,32,20,1006.52,66,20,38,26,23,16,1009,1001,0
22-09-2016,30,22,1008.43,78,33,36,24,24,18,1011,1001,0
23-09-2016,28,21,1006.43,83,36,34,22,23,18,1009,1001,57
24-09-2016,26,21,1005.24,94,46,34,19,25,17,1008,1001,0
25-09-2016,28,22,1006.38,89,38,33,22,23,18,1009,1002,0
26-09-2016,28,21,1007.69,83,34,34,22,23,19,1010,1004,0
27-09-2016,30,20,1008.02,83,25,36,23,23,16,1011,1003,0
28-09-2016,30,18,1006.98,74,22,36,25,22,14,1010,1002,0
29-09-2016,30,18,1006.79,66,17,36,24,21,7,1009,1002,0
30-09-2016,30,20,1007.09,78,4,35,24,22,-22,1009,1002,0
01-10-2016,30,22,1008.35,74,34,35,25,23,21,1011,1004,0
02-10-2016,31,23,1010,79,42,36,26,24,21,1013,1005,0
03-10-2016,31,23,1008.69,84,35,36,26,26,21,1012,1003,2
04-10-2016,30,22,1006.96,83,32,36,25,24,20,1009,1002,0
05-10-2016,27,23,1006.93,100,47,31,23,24,21,1009,1000,13
06-10-2016,26,24,1008.74,100,58,31,22,25,21,1011,1006,0.9
07-10-2016,28,23,1009.2,100,40,34,22,26,20,1012,1003,0
08-10-2016,28,20,1008.78,94,21,35,22,25,14,1012,1004,0
09-10-2016,30,17,1007.68,74,21,35,24,22,9,1011,1003,0
10-10-2016,28,16,1008.31,69,27,34,22,20,10,1011,1004,0
11-10-2016,28,14,1008.88,73,13,35,21,20,6,1011,1005,0
12-10-2016,28,11,1008.9,57,11,34,22,17,5,1011,1005,0
13-10-2016,28,13,1010.86,57,18,34,22,17,8,1014,1007,0
14-10-2016,28,12,1011.36,48,15,34,23,15,9,1014,1000,0
15-10-2016,28,9,1012.19,61,6,35,20,15,1,1015,1008,0
16-10-2016,27,10,1013.15,62,12,35,19,16,6,1016,1001,0
17-10-2016,26,10,1012.3,57,11,34,19,16,6,1015,1008,0
18-10-2016,26,7,1011.33,57,8,35,18,14,4,1014,1007,0
19-10-2016,28,8,1010.4,49,10,35,20,11,5,1013,1006,0
20-10-2016,28,8,1009.43,38,10,34,22,9,6,1012,1006,0
21-10-2016,28,9,1010.65,47,12,34,21,12,5,1013,1007,0
22-10-2016,28,10,1011.64,47,15,34,21,15,8,1015,1008,0
23-10-2016,28,10,1011.44,53,14,34,21,13,7,1014,1007,0
24-10-2016,27,11,1010.78,47,14,33,21,13,9,1014,1007,0
25-10-2016,27,11,1010.9,50,18,33,21,13,9,1014,1002,0
26-10-2016,28,10,1013.2,53,13,34,21,16,5,1016,1009,0
27-10-2016,26,4,1015.66,43,6,34,17,11,-3,1019,1002,0
28-10-2016,24,5,1014.43,50,5,33,16,15,-4,1017,1010,0
29-10-2016,24,5,1013.59,77,6,34,15,13,-1,1016,1010,0
30-10-2016,24,5,1015.54,50,6,34,15,11,-1,1018,1012,0
31-10-2016,24,7,1017.94,49,16,32,15,11,3,1021,1002,0
01-11-2016,24,8,1017.56,63,13,31,17,13,3,1020,1014,0
02-11-2016,22,9,1017.16,59,17,30,14,12,5,1020,1014,0
03-11-2016,22,10,1017.35,72,14,30,14,14,7,1020,1014,0
04-11-2016,23,9,1014.39,64,14,31,15,14,6,1017,1010,0
05-11-2016,22,6,1012.07,68,8,31,14,13,0,1015,1008,0
06-11-2016,23,3,1012.68,59,7,33,13,9,-3,1015,1009,0
07-11-2016,24,2,1014.56,37,9,31,17,5,-1,1017,1011,0
08-11-2016,22,4,1015.83,67,8,31,13,10,-5,1018,1012,0
09-11-2016,22,2,1016.26,45,6,32,12,6,-3,1019,1013,0
10-11-2016,24,3,1015.07,49,7,32,16,7,-3,1018,1011,0
11-11-2016,24,4,1014.72,49,13,32,15,10,-1,1017,1011,0
12-11-2016,22,5,1015.83,48,10,31,14,10,2,1018,1013,0
13-11-2016,22,6,1017.25,52,10,30,14,11,3,1020,1014,0
14-11-2016,22,6,1016.8,55,10,30,13,10,1,1019,1014,0
15-11-2016,20,6,1016.76,63,12,28,12,11,1,1019,1014,0
16-11-2016,20,6,1018.41,59,14,29,12,10,4,1021,1016,0
17-11-2016,20,5,1018.46,63,12,29,12,11,2,1022,1015,0
18-11-2016,20,4,1016.47,72,8,30,11,11,-1,1020,1013,0
19-11-2016,20,3,1014,55,10,30,11,9,-2,1017,1010,0
20-11-2016,21,4,1014.34,63,9,31,11,9,-1,1017,1011,0
21-11-2016,22,5,1015.13,63,7,31,12,11,-1,1018,1012,0
22-11-2016,21,6,1014.61,67,13,30,12,10,2,1018,1011,0
23-11-2016,22,5,1014.49,52,14,30,13,10,2,1017,1011,0
24-11-2016,22,6,1016.5,67,13,31,12,12,0,1019,1013,0
25-11-2016,20,4,1015.93,69,7,29,12,11,-2,1019,1012,0
26-11-2016,23,3,1015.43,35,9,30,16,7,0,1018,1012,0
27-11-2016,24,4,1015.84,46,13,30,17,7,2,1019,1012,0
28-11-2016,22,4,1015.18,55,8,30,14,10,0,1018,1011,0
29-11-2016,22,6,1015.84,67,9,31,12,11,1,1018,1012,0
30-11-2016,20,7,1016.88,63,16,29,12,10,1,1020,1014,0
01-12-2016,20,10,1017.07,68,26,28,12,13,7,1020,1014,0
02-12-2016,22,10,1018.3,74,18,28,16,15,6,1021,1016,0
03-12-2016,19,5,1020.31,82,8,27,11,12,-2,1023,1018,0
04-12-2016,18,5,1020.79,62,21,27,10,9,1,1024,1018,0
05-12-2016,19,6,1018.63,67,14,27,11,10,3,1021,1015,0
06-12-2016,20,6,1018.6,77,10,29,11,11,2,1021,1016,0
07-12-2016,20,7,1017.9,77,10,29,11,13,1,1020,1014,0
08-12-2016,20,10,1016.54,94,20,29,11,14,4,1019,1013,0
09-12-2016,20,10,1014.73,94,21,29,11,15,4,1017,1011,0
10-12-2016,20,10,1014.11,77,16,29,12,12,7,1017,1003,0
11-12-2016,22,9,1014.23,84,18,29,14,13,5,1017,1011,0
12-12-2016,20,11,1015.02,88,24,27,13,15,8,1018,1012,0
13-12-2016,20,11,1015.6,68,28,26,15,13,9,1018,1013,0
14-12-2016,20,11,1017.59,77,24,26,14,14,8,1020,1015,0
15-12-2016,18,5,1017.85,72,13,26,11,9,2,1021,1015,0
16-12-2016,18,6,1018.7,63,20,26,10,8,4,1022,1016,0
17-12-2016,18,8,1018.17,76,25,26,10,10,6,1021,1015,0
18-12-2016,18,7,1018.27,72,21,26,11,10,5,1020,1016,0
19-12-2016,17,5,1018.69,77,10,25,9,9,-3,1021,1016,0
20-12-2016,18,3,1017.83,71,12,27,8,8,-2,1020,1014,0
21-12-2016,19,2,1017.8,51,10,27,11,8,-3,1021,1014,0
22-12-2016,19,2,1016.96,54,13,27,11,7,-3,1019,1012,0
23-12-2016,19,5,1014.98,67,10,28,10,10,1,1018,1011,0
24-12-2016,19,7,1011.96,76,14,28,10,10,2,1015,1008,0
25-12-2016,18,3,1014.75,72,6,24,13,10,-9,1019,1010,0
26-12-2016,18,7,1017.92,88,23,25,12,11,2,1020,1015,0
27-12-2016,17,6,1018.28,82,13,25,9,10,1,1021,1015,0
28-12-2016,18,8,1016.87,82,16,27,10,11,4,1019,1013,0
29-12-2016,19,8,1016.75,94,11,28,10,13,0,1020,1013,0
30-12-2016,17,13,1017.06,100,43,24,10,16,10,1019,1014,0
31-12-2016,16,13,1015.7,100,45,23,10,17,11,1018,1012,0
01-01-2017,18,11,1015.67,100,31,24,12,15,7,1018,1013,0
02-01-2017,16,13,1018.75,100,47,23,9,15,11,1021,1017,0
03-01-2017,16,12,1019.15,100,38,23,10,14,10,1022,1016,0
04-01-2017,17,13,1016.93,100,41,24,10,16,10,1019,1014,0
05-01-2017,18,11,1015.19,100,26,25,10,14,7,1018,1011,0
06-01-2017,18,13,1012.71,100,43,24,11,15,11,1015,1010,0
07-01-2017,18,10,1011.52,94,26,22,14,14,3,1013,1009,0
08-01-2017,16,9,1014.24,100,27,20,12,15,1,1017,1012,0
09-01-2017,15,5,1015.62,100,15,21,9,10,-1,1018,1014,0
10-01-2017,13,3,1017,94,17,19,7,9,-5,1019,1015,0
11-01-2017,10,-3,1017.54,70,13,18,3,2,-7,1020,1015,0
12-01-2017,12,-5,1017.24,75,4,19,4,2,-93,1020,1015,0
13-01-2017,12,-1,1017.75,70,10,20,4,1,-8,1020,1016,0
14-01-2017,12,2,1018.81,71,24,20,5,4,0,1021,1017,0
15-01-2017,14,3,1018.33,77,19,22,7,10,0,1021,1015,0
16-01-2017,15,3,1017.35,74,15,21,9,7,-2,1019,1015,0
17-01-2017,12,3,1018.52,100,4,20,5,7,-3,1021,1016,0
18-01-2017,14,5,1021.26,93,16,21,8,8,-2,1024,1019,0
19-01-2017,14,1,1022.69,87,9,23,6,7,-4,1026,1011,0
20-01-2017,14,2,1022.24,76,9,22,7,6,-4,1025,1019,0
21-01-2017,16,5,1020.79,63,25,22,9,8,2,1023,1018,0
22-01-2017,18,6,1021.53,67,19,24,12,11,-1,1025,1019,0
23-01-2017,18,9,1019.98,77,24,26,11,12,7,1023,1017,0
24-01-2017,21,12,1018.49,82,29,28,14,15,11,1022,1015,0
25-01-2017,22,14,1017.9,77,32,27,17,17,12,1021,1014,0.2
26-01-2017,16,15,1017.47,100,66,18,14,16,14,1020,1015,19
27-01-2017,14,12,1019.25,100,52,19,10,15,8,1021,1017,0
28-01-2017,15,11,1020.22,100,34,21,9,13,8,1023,1017,0
29-01-2017,18,10,1018.13,100,22,25,10,15,3,1020,1015,0
30-01-2017,18,12,1016.37,100,28,25,10,15,9,1019,1012,0
31-01-2017,18,11,1015.55,100,23,26,11,14,6,1018,1013,0
01-02-2017,18,13,1017.23,94,37,24,12,15,10,1020,1014,0
02-02-2017,20,11,1019.45,77,39,25,14,14,8,1022,1017,0
03-02-2017,19,13,1018.25,88,41,25,13,15,11,1021,1015,0
04-02-2017,20,14,1014.35,94,39,26,15,17,12,1017,1010,0
05-02-2017,21,13,1013.88,94,30,26,16,16,4,1016,1011,0
06-02-2017,18,3,1016.72,72,12,23,12,8,-5,1020,1014,0
07-02-2017,16,2,1017.09,71,10,24,8,5,-4,1020,1014,0
08-02-2017,17,5,1015.66,67,17,25,9,10,3,1018,1012,0
09-02-2017,17,2,1016.67,76,10,23,11,8,-3,1019,1014,0
10-02-2017,17,2,1016.79,67,11,24,10,8,-3,1020,1012,0
11-02-2017,16,2,1016.82,62,13,24,8,5,-1,1019,1014,0
12-02-2017,18,5,1019.89,64,21,24,11,8,2,1023,1017,0
13-02-2017,18,5,1022.08,72,10,26,11,9,-1,1025,1019,0
14-02-2017,18,2,1022.65,76,8,27,8,8,-4,1025,1019,0
15-02-2017,20,3,1022,63,6,29,11,9,-3,1025,1018,0
16-02-2017,22,4,1019.68,67,8,32,13,8,-1,1022,1015,0
17-02-2017,23,5,1018.52,59,7,32,14,9,-2,1021,1015,0
18-02-2017,23,8,1018.47,72,12,32,14,10,5,1021,1014,0
19-02-2017,24,8,1015.39,64,9,33,16,13,3,1019,1010,0
20-02-2017,24,6,1008.35,49,14,31,17,9,3,1011,1003,0
21-02-2017,20,0,1009.08,59,6,27,14,7,-8,1012,1006,0
22-02-2017,20,-3,1013,51,4,28,11,6,-14,1015,1010,0
23-02-2017,20,-3,1016.02,48,4,27,12,5,-9,1018,1013,0
24-02-2017,19,-4,1018.61,54,4,27,11,6,-94,1021,1015,0
25-02-2017,22,-1,1016.19,41,4,30,14,8,-8,1020,1011,0
26-02-2017,21,0,1014.3,51,6,29,13,8,-9,1017,1011,0
27-02-2017,22,1,1015.17,44,6,31,12,6,-3,1018,1011,0
28-02-2017,25,3,1014.47,40,6,33,17,7,0,1018,1009,0
01-03-2017,25,7,1013.08,49,11,32,18,12,3,1016,1009,0
02-03-2017,24,12,1012.37,73,20,29,19,15,9,1016,1009,6
03-03-2017,22,5,1011.48,60,12,28,17,12,1,1014,1008,0
04-03-2017,21,3,1011.09,59,9,28,14,10,-3,1014,1008,0
05-03-2017,20,2,1012.21,71,8,28,13,14,-3,1015,1009,0
06-03-2017,22,1,1011.73,59,5,30,13,6,-5,1015,1007,0
07-03-2017,24,2,1009.62,42,6,31,16,6,-3,1013,1005,0
08-03-2017,24,6,1008.61,46,16,30,19,12,2,1011,1004,0
09-03-2017,23,10,1008.17,68,18,28,18,14,6,1011,1005,4
10-03-2017,18,14,1007.59,100,49,23,14,16,10,1010,1004,4
11-03-2017,18,5,1010.51,100,7,24,11,14,-6,1018,1007,0
12-03-2017,18,-1,1014.68,59,5,25,10,7,-8,1017,1011,0
13-03-2017,18,2,1015.33,55,8,26,11,5,-4,1018,1012,0
14-03-2017,21,2,1016.87,45,7,28,14,6,-3,1019,1014,0
15-03-2017,24,3,1015.54,51,12,31,16,8,-2,1018,1012,0
16-03-2017,24,2,1012.77,45,5,32,15,7,-4,1015,1008,0
17-03-2017,24,6,1011.91,59,11,30,17,12,1,1015,1008,0
18-03-2017,24,8,1011.43,64,17,31,17,14,5,1015,1006,0.4
19-03-2017,24,13,1012.86,78,18,31,17,15,8,1015,1009,0.8
20-03-2017,24,7,1014.3,73,6,32,16,16,-4,1017,1010,0
21-03-2017,25,5,1014.59,56,6,34,16,12,0,1017,1010,0
22-03-2017,28,6,1012.67,46,6,37,19,14,2,1016,1001,0
23-03-2017,30,6,1011.32,34,5,37,24,12,2,1014,1006,0
24-03-2017,28,8,1011.47,44,10,36,21,14,5,1014,1007,0
25-03-2017,28,6,1012.21,41,6,36,21,11,3,1015,1007,0
26-03-2017,29,7,1013.49,44,7,37,21,11,5,1017,1008,0
27-03-2017,30,7,1012.53,43,5,40,21,13,2,1015,1007,0
28-03-2017,32,5,1011.57,47,4,41,23,13,-2,1015,1006,0
29-03-2017,32,3,1010.11,34,4,40,25,11,-8,1013,1005,0
30-03-2017,32,2,1009.89,47,4,41,24,15,-7,1013,1005,0
31-03-2017,30,1,1010.86,29,5,39,22,6,-4,1014,1006,0
01-04-2017,32,1,1008.64,22,4,40,25,10,-2,1012,1004,0
02-04-2017,32,4,1007.05,27,4,39,25,14,-2,1010,1003,0
03-04-2017,32,6,1007.27,34,6,40,23,11,3,1011,1002,0
04-04-2017,32,8,1008.05,34,9,39,25,12,6,1011,1003,0
05-04-2017,32,7,1005.82,36,8,40,24,12,-1,1018,999,0
06-04-2017,31,6,1005.19,45,5,36,26,15,-3,1008,1001,0
07-04-2017,28,-8,1009.31,28,4,34,22,6,-15,1012,1005,0
08-04-2017,26,-10,1012.43,15,4,34,19,1,-18,1015,1008,0
09-04-2017,28,-8,1013.15,19,4,34,22,0,-21,1016,1009,0
10-04-2017,26,-5,1011.8,21,4,35,18,6,-8,1015,1007,0
11-04-2017,30,-2,1010.3,29,4,38,21,7,-9,1014,1005,0
12-04-2017,30,0,1009.29,33,4,40,21,8,-9,1012,1004,0
13-04-2017,32,-1,1008.9,32,4,41,23,9,-7,1012,1003,0
14-04-2017,33,-1,1007.07,23,4,42,24,8,-9,1010,1001,0
15-04-2017,34,1,1005.69,30,4,42,25,8,-10,1014,999,0
16-04-2017,34,-1,1006.12,23,4,43,26,7,-9,1010,1001,0
17-04-2017,35,2,1007.02,20,4,43,27,10,-3,1010,1002,0
18-04-2017,36,4,1006.95,24,5,43,29,14,-5,1010,1001,0
19-04-2017,35,4,1004.82,27,4,42,28,14,-3,1008,999,0
20-04-2017,36,9,1002.87,35,7,43,28,15,4,1006,997,0
21-04-2017,36,4,1003.47,24,4,43,30,10,1,1006,998,0
22-04-2017,34,6,1005.09,29,4,40,29,12,1,1008,1001,0
23-04-2017,34,8,1005.52,29,9,39,28,11,5,1009,1001,0
24-04-2017,32,9,1007.02,34,9,38,25,16,1,1010,1003,0
25-04-2017,30,8,1007.85,47,9,36,25,18,1,1011,1004,2
26-04-2017,29,7,1008.26,61,5,38,20,15,-3,1011,1004,0
27-04-2017,31,3,1009.11,36,4,39,23,12,-8,1012,1002,0
28-04-2017,32,5,1008.16,34,4,40,24,15,-1,1011,1002,0
29-04-2017,32,7,1007.94,30,7,37,26,17,4,1011,1004,0
30-04-2017,32,5,1007.36,32,6,39,26,12,-5,1010,1002,0
01-05-2017,33,-2,1009.16,33,4,39,27,12,-17,1012,1005,0
02-05-2017,32,-2,1010.33,20,4,40,24,11,-7,1014,1005,0
03-05-2017,34,7,1008.37,29,7,41,28,13,2,1011,1003,0
04-05-2017,33,6,1009.82,33,4,40,26,12,1,1013,1002,0
05-05-2017,34,4,1008.55,25,4,41,26,10,1,1012,1004,0
06-05-2017,36,6,1008.31,22,4,43,30,14,0,1011,1003,0
07-05-2017,36,5,1008,24,4,44,29,10,-2,1011,1003,0
08-05-2017,36,8,1007.88,36,4,43,30,15,3,1011,1001,0.1
09-05-2017,36,7,1005.29,29,5,43,29,14,2,1008,999,0.2
10-05-2017,36,8,1006.26,29,5,43,29,14,3,1009,1001,0
11-05-2017,34,9,1007.62,35,6,42,26,13,6,1010,1003,0
12-05-2017,34,9,1007.79,35,5,41,27,15,4,1011,1002,0
13-05-2017,35,9,1006.45,35,5,42,28,17,4,1010,1002,0
14-05-2017,36,6,1004.57,21,5,43,30,11,4,1007,999,0
15-05-2017,36,8,1003.16,30,4,42,31,16,2,1006,997,0
16-05-2017,34,8,1002.55,27,6,40,28,14,5,1006,997,0
17-05-2017,32,11,1004.09,42,10,39,25,14,8,1006,999,0
18-05-2017,34,11,1004.62,35,11,40,28,14,8,1009,999,3
19-05-2017,33,14,1005.81,61,4,43,23,19,2,1008,999,0
20-05-2017,34,11,1004.28,40,9,40,27,15,9,1008,998,0
21-05-2017,32,13,1003.9,65,14,40,25,19,8,1010,999,6
22-05-2017,28,14,1006.55,73,16,36,21,18,10,1009,997,0
23-05-2017,32,15,1006.43,48,15,39,26,19,6,1010,1002,0
24-05-2017,34,15,1004.76,55,19,41,27,19,10,1007,1001,0
25-05-2017,34,14,1003.35,48,10,42,25,19,9,1006,998,0
26-05-2017,36,13,1001.26,43,6,44,29,18,7,1005,995,0
27-05-2017,38,9,1000.17,32,4,45,32,17,0,1003,994,0
28-05-2017,36,15,999.7,40,10,43,30,19,8,1003,994,0
29-05-2017,28,19,1001.1,94,17,36,21,24,9,1006,996,0
30-05-2017,31,19,999.27,74,18,39,23,23,15,1003,993,0
31-05-2017,30,21,1000.95,100,34,36,23,23,17,1005,996,23
01-06-2017,26,20,1004.8,83,44,31,20,23,18,1007,1000,0
02-06-2017,31,21,1004.37,100,21,39,23,24,17,1007,1000,0
03-06-2017,36,15,1002.17,62,8,43,28,23,7,1005,996,0
04-06-2017,36,16,1001.83,51,10,43,30,22,12,1005,997,0
05-06-2017,37,19,1001.97,49,15,42,32,23,9,1005,996,0
06-06-2017,36,19,1003.7,52,18,41,31,24,17,1007,999,0
07-06-2017,32,20,1005.48,66,31,36,29,25,18,1009,1000,0
08-06-2017,32,18,1004.62,66,22,37,27,22,14,1007,1000,0
09-06-2017,30,20,1003.76,94,21,37,22,23,17,1007,998,0
10-06-2017,32,17,1002.33,74,13,39,25,23,10,1005,997,0
11-06-2017,30,14,1001.94,65,9,38,23,19,8,1005,997,0
12-06-2017,32,15,1001.6,61,13,39,25,19,9,1004,996,0
13-06-2017,32,16,1001.05,48,18,38,26,21,10,1004,996,0
14-06-2017,35,17,1003.14,88,12,41,29,22,12,1006,997,0
15-06-2017,28,20,1003.52,83,30,39,18,22,13,1008,997,0
16-06-2017,32,18,1001.91,55,23,38,27,20,17,1005,997,0
17-06-2017,32,19,1002.38,58,18,38,26,22,15,1004,997,0
18-06-2017,33,19,1001.49,59,23,39,27,22,17,1004,996,0
19-06-2017,35,19,999.46,49,21,40,30,22,17,1002,994,0
20-06-2017,33,19,999.92,62,20,39,27,22,17,1003,995,0
21-06-2017,30,18,1000.83,69,24,36,24,20,16,1003,997,0
22-06-2017,27,19,1002.93,92,32,33,21,22,16,1007,999,0
23-06-2017,30,20,1002.88,74,30,36,25,22,18,1022,998,0
24-06-2017,32,20,999.41,70,23,38,26,22,16,1002,995,0
25-06-2017,35,21,998.64,66,22,40,30,24,17,1001,994,0
26-06-2017,34,22,999.8,79,30,40,29,29,19,1002,996,12
27-06-2017,33,23,1000.41,84,27,39,27,25,20,1003,995,4
28-06-2017,28,25,1000.93,100,60,33,24,27,24,1003,997,12
29-06-2017,28,25,1000.9,100,66,32,23,26,23,1003,998,4
30-06-2017,30,25,998.37,100,38,35,25,27,22,1001,994,0
01-07-2017,30,25,997.67,89,53,34,25,27,24,1000,994,0
02-07-2017,30,25,998.48,89,44,34,25,26,23,1001,995,0
03-07-2017,30,25,999.85,89,40,35,26,27,20,1002,996,0
04-07-2017,30,23,999.69,84,40,35,26,25,22,1002,995,0
05-07-2017,30,21,1000.41,79,36,34,26,23,20,1003,997,0
06-07-2017,31,21,1001.72,74,31,36,26,23,19,1004,998,0
07-07-2017,31,21,1003.32,70,29,36,26,23,19,1006,1000,0
08-07-2017,32,20,1003.08,62,27,38,27,22,19,1006,999,0
09-07-2017,33,20,1001.79,52,26,38,28,21,19,1005,998,0
10-07-2017,33,19,1002.67,55,28,38,28,22,18,1005,999,0
11-07-2017,32,20,1002.6,66,27,36,27,22,18,1005,998,0
12-07-2017,30,23,1003.25,84,46,33,26,25,19,1011,1000,0
13-07-2017,30,24,1001.75,89,41,35,25,25,22,1004,997,0
14-07-2017,30,23,1000.82,79,43,34,26,24,22,1003,997,0
15-07-2017,32,24,1000.77,95,33,37,27,28,21,1003,996,11
16-07-2017,30,26,1001.27,94,59,33,26,27,23,1003,998,12
17-07-2017,30,26,1001.44,94,59,34,25,27,25,1003,998,12
18-07-2017,30,26,1001.63,94,56,34,26,27,23,1004,997,0
19-07-2017,31,25,1000.7,93,47,36,26,27,23,1003,995,0.4
20-07-2017,30,25,998.82,89,49,34,26,26,24,1001,994,0.8
21-07-2017,30,25,999.08,94,59,34,25,26,24,1001,996,14
22-07-2017,28,26,998.45,100,74,32,24,28,24,1000,995,19
23-07-2017,26,26,997.67,100,88,29,24,27,25,1000,995,47
24-07-2017,26,25,997.63,100,74,29,23,27,24,999,994,3
25-07-2017,24,24,998.16,100,69,28,21,25,23,1000,996,0
27-07-2017,28,24,1002.22,95,51,33,24,25,23,1004,998,0
28-07-2017,28,25,1002.08,95,62,31,26,27,23,1004,998,10
29-07-2017,25,26,1002.4,100,89,27,23,27,24,1005,1000,9
30-07-2017,26,25,1004.2,100,89,28,23,27,24,1006,1002,0.8
31-07-2017,26,26,1004.22,100,82,29,23,26,25,1008,1001,0.5
01-08-2017,26,25,1004.36,100,68,30,23,26,24,1006,1002,2
02-08-2017,27,24,1004,100,62,31,23,25,23,1006,1000,0
03-08-2017,26,23,1001.6,100,56,31,22,25,22,1004,998,0
04-08-2017,28,23,1000.49,94,49,32,23,24,21,1003,998,0
05-08-2017,28,22,1001.91,89,44,33,23,24,21,1004,998,0
06-08-2017,29,23,1003.15,79,46,33,25,25,22,1006,1000,0
07-08-2017,29,24,1004.13,100,52,32,26,27,22,1006,1000,3
08-08-2017,28,26,1004.26,100,70,31,24,27,25,1006,1000,1
09-08-2017,28,25,1003.51,100,71,31,24,26,24,1006,1001,4
10-08-2017,28,25,1002.93,100,61,32,24,26,23,1005,1000,0
11-08-2017,28,24,1002.76,100,53,33,23,26,22,1004,999,0
12-08-2017,28,23,1002.75,89,53,32,24,24,22,1005,999,0
13-08-2017,28,23,1004.42,89,51,33,24,24,22,1007,1001,0
14-08-2017,28,23,1007.07,100,52,32,23,25,21,1009,1000,0
15-08-2017,29,23,1005.86,83,46,34,24,24,21,1008,1002,0
16-08-2017,30,23,1004.24,79,43,36,24,24,22,1007,1000,0
17-08-2017,30,22,1002.89,78,37,36,24,24,21,1005,999,0
18-08-2017,30,22,1002.94,74,40,36,24,24,20,1005,999,1
19-08-2017,30,24,1003.96,79,49,34,26,25,22,1006,1001,0
20-08-2017,30,25,1003.76,94,41,35,25,26,22,1006,999,0
21-08-2017,30,24,1002.29,84,37,36,25,25,22,1005,998,0
22-08-2017,30,24,1002.72,84,43,35,25,25,23,1005,999,0
23-08-2017,29,24,1005.06,100,53,34,24,26,23,1007,1002,49
24-08-2017,28,25,1004.38,100,60,34,22,26,23,1007,1000,0
25-08-2017,26,24,1003.22,100,73,29,23,26,21,1006,999,23
26-08-2017,28,24,1001.82,100,57,32,23,25,23,1004,999,0
27-08-2017,30,25,1001.64,100,49,33,26,26,23,1003,997,0
28-08-2017,28,25,1001.98,100,54,33,24,26,24,1004,996,1
29-08-2017,28,26,1001.47,100,66,31,24,27,24,1003,999,1
30-08-2017,28,25,1002.58,100,64,32,23,26,24,1005,999,0.5
31-08-2017,27,25,1004.9,100,61,31,23,27,23,1007,1000,20
01-09-2017,26,23,1005.98,100,56,31,22,25,21,1008,1003,0
02-09-2017,28,23,1006.16,100,50,32,24,25,22,1008,1003,1
03-09-2017,26,24,1006.63,100,56,32,21,25,23,1008,1004,0
04-09-2017,28,23,1008.15,95,43,34,23,25,22,1011,1004,0
05-09-2017,29,22,1007.9,83,40,35,23,23,21,1011,1004,0
06-09-2017,29,22,1007.84,89,40,34,24,25,19,1010,1005,7
07-09-2017,30,23,1008.19,94,39,34,25,25,21,1011,1005,0
08-09-2017,30,22,1008.49,89,37,34,25,24,20,1011,1006,0
09-09-2017,30,22,1006.81,89,31,36,24,25,18,1010,1002,0
10-09-2017,30,21,1007.3,83,25,36,24,24,17,1010,1004,0
11-09-2017,32,21,1008.85,70,30,36,27,24,19,1011,1005,0
12-09-2017,29,23,1009.59,94,48,34,24,25,21,1012,1006,14
13-09-2017,29,23,1009.11,100,32,35,23,25,20,1012,1005,14
14-09-2017,28,23,1008.59,100,44,33,23,25,21,1011,1004,0
15-09-2017,30,23,1007.36,94,31,35,24,25,19,1010,1003,0
16-09-2017,30,20,1006.94,84,29,34,25,24,16,1009,1002,0
17-09-2017,30,18,1006.69,78,22,35,24,22,13,1009,1002,0
18-09-2017,30,15,1005.96,73,12,37,24,19,10,1009,1002,0
19-09-2017,29,14,1005.27,65,9,37,21,19,8,1008,1000,0
20-09-2017,30,15,1004.83,65,11,37,24,23,8,1009,1001,0
21-09-2017,30,21,1003.91,66,31,35,25,25,11,1006,1000,0
22-09-2017,30,22,1004.59,79,33,34,26,24,19,1006,1001,0
23-09-2017,30,19,1006.91,78,18,36,24,22,13,1010,1003,0
24-09-2017,30,19,1009.27,83,22,36,24,22,16,1012,1006,0
25-09-2017,31,18,1008.07,66,23,36,26,21,15,1011,1004,0
26-09-2017,30,17,1008.52,65,19,36,25,20,13,1011,1005,0
27-09-2017,32,15,1009.03,66,13,37,26,26,9,1012,1005,0
28-09-2017,32,10,1007.57,45,8,37,26,19,5,1011,1004,0
29-09-2017,30,10,1007,37,11,37,24,21,7,1010,1003,0
30-09-2017,31,11,1009.5,50,8,38,24,19,6,1012,1006,0
01-10-2017,30,10,1008.87,50,10,37,23,14,6,1013,1005,0
02-10-2017,31,10,1008.38,42,11,38,24,13,5,1011,1004,0
03-10-2017,32,9,1009.66,33,9,37,27,12,4,1018,1005,0
04-10-2017,30,11,1010.71,53,9,37,23,16,5,1013,1006,0
05-10-2017,29,12,1010.68,53,12,36,22,17,10,1013,1006,0
06-10-2017,30,10,1010.51,39,13,36,25,14,8,1014,1006,0
07-10-2017,28,11,1009.93,53,11,36,21,14,9,1013,1005,0
08-10-2017,30,11,1008.76,57,10,37,22,17,7,1011,1004,0
09-10-2017,30,11,1008.81,47,10,36,23,17,8,1011,1005,0
10-10-2017,30,10,1008.37,41,12,37,22,15,5,1011,1004,0
11-10-2017,30,12,1008.29,53,9,36,23,19,6,1011,1004,0
12-10-2017,29,9,1008.2,50,6,37,21,15,3,1011,1004,0
13-10-2017,29,8,1006.77,47,6,36,22,15,1,1010,1002,0
14-10-2017,30,5,1006.89,46,4,38,22,12,-5,1010,1002,0
15-10-2017,30,4,1007.37,38,4,39,21,9,-3,1010,1004,0
16-10-2017,30,4,1008.21,44,4,38,21,10,-8,1011,1004,0
17-10-2017,28,4,1009.56,40,4,36,19,13,-3,1012,1006,0
18-10-2017,28,5,1010.37,46,6,36,19,14,-2,1014,1006,0
19-10-2017,28,10,1010.28,53,11,35,20,18,5,1013,1006,0
20-10-2017,28,11,1009.74,53,9,36,21,16,5,1012,1006,0
21-10-2017,28,7,1009.09,57,4,36,21,15,-5,1012,1004,0
22-10-2017,28,3,1007.93,46,6,36,19,10,-3,1010,1004,0
23-10-2017,26,2,1010.07,43,6,34,19,9,-3,1012,1006,0
24-10-2017,27,0,1012.72,35,4,34,20,14,-7,1015,1008,0
25-10-2017,26,3,1014.7,37,5,34,18,10,-3,1018,1004,0
26-10-2017,28,4,1015.29,41,4,34,21,12,-5,1018,1011,0
27-10-2017,26,6,1014.32,46,11,33,19,11,0,1017,1010,0
28-10-2017,26,5,1014.28,49,5,34,19,10,-1,1016,1010,0
29-10-2017,26,3,1015.79,43,5,34,19,8,-3,1018,1013,0
30-10-2017,26,9,1016.35,53,9,33,20,13,3,1020,1012,0
31-10-2017,24,8,1014.77,56,11,32,17,12,3,1017,1011,0
01-11-2017,25,6,1015.5,57,7,33,17,12,0,1019,1012,0
02-11-2017,25,6,1014.37,58,9,33,17,12,2,1018,1010,0
03-11-2017,25,7,1014.67,53,8,33,17,14,2,1017,1011,0
04-11-2017,24,12,1016.1,60,20,30,18,16,10,1019,1013,0
05-11-2017,25,12,1016.73,68,19,30,20,17,8,1020,1014,0
06-11-2017,24,11,1016.51,68,17,30,17,14,8,1019,1013,0
07-11-2017,24,9,1015.29,63,13,32,16,13,6,1018,1002,0
08-11-2017,23,7,1015.42,56,11,29,17,10,1,1018,1012,0
09-11-2017,24,7,1014.53,100,13,31,16,28,2,1017,1011,0
10-11-2017,23,6,1015.25,52,10,30,16,11,2,1018,1012,0
11-11-2017,22,7,1016.05,57,9,30,15,13,2,1019,1012,0
12-11-2017,22,6,1013.51,59,15,31,14,11,2,1017,1009,0
13-11-2017,22,7,1012.56,59,12,30,14,8,5,1015,1008,0
14-11-2017,22,7,1011,45,15,28,17,11,3,1014,1007,0
15-11-2017,22,9,1012.75,52,23,28,17,12,8,1015,1010,0
16-11-2017,22,11,1014.04,56,30,27,18,13,10,1017,1011,0
17-11-2017,21,11,1015.15,60,29,24,18,13,9,1018,1013,0
18-11-2017,20,11,1016,72,27,24,16,13,9,1018,1014,0
19-11-2017,20,6,1017.2,56,20,25,15,10,4,1019,1015,0
20-11-2017,18,1,1018.55,62,8,25,12,8,-4,1021,1016,0
21-11-2017,18,0,1016.75,47,9,25,11,5,-6,1019,1014,0
22-11-2017,18,-1,1015.79,58,6,25,11,7,-6,1019,1013,0
23-11-2017,18,-2,1015.03,54,7,25,10,5,-8,1017,1012,0
24-11-2017,18,-1,1016.6,82,8,26,10,10,-6,1019,1014,0
25-11-2017,19,-1,1016.86,54,9,28,10,5,-9,1020,1014,0
26-11-2017,20,0,1018.02,54,7,28,11,5,-5,1021,1015,0
27-11-2017,20,0,1015.62,62,5,29,11,7,-7,1018,1012,0
28-11-2017,20,1,1014.79,54,6,29,11,8,-4,1017,1012,0
29-11-2017,20,2,1016.34,51,7,29,11,9,-2,1019,1014,0
30-11-2017,20,3,1016.2,55,7,28,12,7,-1,1018,1013,0
01-12-2017,20,4,1016.12,51,10,29,12,7,0,1018,1013,0
02-12-2017,20,3,1017.29,45,14,26,14,7,0,1020,1014,0
03-12-2017,19,3,1017.07,51,13,25,13,6,1,1020,1014,0
04-12-2017,18,5,1015.63,58,18,24,12,8,3,1018,1013,0
05-12-2017,18,7,1016,72,27,21,16,11,5,1018,1014,0
06-12-2017,16,9,1016.39,82,24,20,13,11,4,1018,1014,0
07-12-2017,18,4,1016.27,77,11,24,13,11,-2,1018,1014,0
08-12-2017,18,2,1016.64,59,13,26,10,9,-3,1019,1013,0
09-12-2017,18,6,1016.05,62,16,27,10,8,4,1018,1013,0
10-12-2017,20,6,1015.9,59,17,27,12,9,5,1018,1013,0
11-12-2017,20,8,1014.46,96,20,25,14,15,4,1017,1012,5
12-12-2017,16,13,1016.39,100,53,20,12,16,11,1018,1014,0
13-12-2017,16,9,1018.02,100,20,22,9,15,0,1021,1002,0
14-12-2017,16,4,1019.4,72,20,23,10,8,0,1022,1017,0
15-12-2017,16,2,1020.47,62,16,23,9,5,0,1023,1016,0
16-12-2017,16,-2,1022.15,58,8,22,10,5,-11,1024,1020,0
17-12-2017,16,-2,1023.07,62,4,25,8,4,-11,1026,1020,0
18-12-2017,18,-2,1021.69,41,10,25,12,1,-7,1024,1012,0
19-12-2017,18,2,1021.04,54,10,26,10,5,-3,1023,1018,0
20-12-2017,19,4,1021.86,59,14,26,12,8,0,1024,1020,0
21-12-2017,19,5,1021.98,62,12,28,10,8,2,1025,1019,0
22-12-2017,18,5,1020.4,72,13,25,11,9,0,1023,1018,0
23-12-2017,18,1,1016.8,67,9,25,11,6,-6,1019,1014,0
24-12-2017,17,3,1016.19,54,14,25,9,6,1,1018,1014,0
25-12-2017,18,3,1018.24,71,13,25,10,8,-3,1021,1016,0
26-12-2017,18,4,1019,72,15,25,10,8,1,1021,1017,0
27-12-2017,17,4,1017.88,71,15,25,9,7,1,1021,1016,0
28-12-2017,17,3,1017.33,75,12,25,9,10,0,1020,1015,0
29-12-2017,18,4,1017.63,66,11,25,10,8,-1,1020,1015,0
30-12-2017,16,5,1017.87,67,18,24,9,7,2,1021,1015,0
31-12-2017,16,5,1016.41,67,22,22,9,8,2,1019,1013,0
01-01-2018,16,4,1014.17,87,16,23,8,9,-4,1017,1012,0
02-01-2018,14,4,1014.83,93,21,22,7,9,1,1017,1004,0
03-01-2018,14,2,1016.09,81,13,23,6,6,-3,1019,1014,0
04-01-2018,16,2,1015.52,70,17,22,10,6,-2,1018,1013,0
05-01-2018,15,4,1014.7,76,15,23,7,7,0,1017,1013,0
06-01-2018,16,6,1014.48,93,23,24,8,8,2,1016,1012,0
07-01-2018,14,1,1015.68,67,12,22,7,6,-4,1018,1014,0
08-01-2018,15,0,1017.44,66,8,23,7,4,-6,1020,1016,0
09-01-2018,15,1,1019.72,66,12,24,6,6,-2,1022,1018,0
10-01-2018,16,0,1019.8,71,12,24,7,6,-6,1022,1017,0
11-01-2018,16,-2,1018.5,62,8,24,8,4,-6,1021,1016,0
12-01-2018,16,0,1017,48,10,24,9,5,-4,1019,1015,0
13-01-2018,19,3,1016.69,51,12,26,12,7,0,1019,1013,0
14-01-2018,18,3,1016.75,66,12,26,10,6,1,1019,1014,0
15-01-2018,16,-1,1017.23,66,6,25,8,6,-9,1020,1014,0
16-01-2018,16,-3,1014.85,53,8,26,7,8,-11,1018,1012,0
17-01-2018,18,1,1014.38,44,12,26,10,7,-10,1017,1012,0
18-01-2018,20,6,1015.9,55,15,27,12,9,4,1018,1012,0
19-01-2018,19,6,1016.6,72,11,27,11,11,2,1019,1014,0
20-01-2018,17,3,1016.33,88,9,24,10,10,-9,1019,1013,0
21-01-2018,16,2,1014.96,58,12,25,8,6,-2,1018,1012,0
22-01-2018,18,6,1012.95,58,21,25,10,10,4,1016,1009,0
23-01-2018,18,6,1010.57,72,11,24,12,11,-2,1013,1008,2
24-01-2018,16,7,1013.95,100,26,21,10,11,3,1016,1010,0
25-01-2018,15,6,1013.74,100,13,23,7,11,-3,1016,1011,0
26-01-2018,16,2,1013.95,82,8,25,8,7,-5,1016,1011,0
27-01-2018,17,5,1014.11,88,8,25,9,11,-3,1016,1011,0
28-01-2018,18,5,1014.88,82,14,26,9,9,-1,1018,1012,0
29-01-2018,18,4,1016.74,67,12,27,10,9,-1,1020,1014,0
30-01-2018,20,3,1017.14,68,9,29,11,9,-3,1020,1013,0
31-01-2018,22,3,1016.22,45,9,28,16,5,-1,1019,1013,0
01-02-2018,20,3,1015.6,59,9,29,12,8,-1,1019,1012,0
02-02-2018,20,5,1013.25,55,11,28,13,9,1,1015,1010,0
03-02-2018,20,2,1015.7,63,10,26,15,10,-3,1018,1013,0
04-02-2018,18,-1,1016.81,51,7,25,11,3,-8,1020,1014,0
05-02-2018,17,0,1018.47,47,11,24,10,2,-3,1021,1016,0
06-02-2018,18,-2,1018.53,39,9,23,14,3,-7,1021,1016,0
07-02-2018,18,-3,1015.73,49,7,25,11,5,-10,1018,1012,0
08-02-2018,18,-1,1014.17,44,10,25,10,3,-2,1017,1011,0
09-02-2018,18,-1,1014.36,50,9,26,10,3,-7,1017,1010,0
10-02-2018,18,1,1015.86,41,11,26,11,5,-2,1019,1013,0
11-02-2018,19,5,1014.7,55,18,23,15,8,2,1017,1012,0
12-02-2018,18,7,1016.98,94,12,25,12,15,0,1021,1014,0
13-02-2018,19,8,1022.53,100,12,25,13,14,-1,1025,1020,0
14-02-2018,18,3,1023.43,54,16,24,11,6,-4,1026,1020,0
15-02-2018,18,5,1021.68,67,16,26,11,8,4,1024,1018,0
16-02-2018,22,6,1019.24,63,13,27,16,10,2,1023,1015,0
17-02-2018,22,5,1014.3,55,8,29,16,10,-1,1017,1010,0
18-02-2018,21,4,1013,67,7,29,13,9,-3,1015,1010,0
19-02-2018,22,5,1014.55,55,11,29,14,8,2,1017,1012,0
20-02-2018,23,4,1014.24,48,10,31,15,10,0,1017,1011,0
21-02-2018,24,7,1012.06,56,12,33,15,14,3,1015,1008,0
22-02-2018,25,7,1010.97,52,9,33,17,12,3,1014,1007,0
23-02-2018,25,6,1010.82,59,7,33,17,12,0,1013,1007,0
24-02-2018,26,7,1013,52,15,33,18,11,3,1015,1009,0
25-02-2018,25,6,1016.37,46,9,30,20,13,-1,1020,1013,0
26-02-2018,22,7,1015.75,63,10,31,14,13,3,1018,1011,0
27-02-2018,24,8,1014.42,52,13,32,16,13,6,1017,1010,0
28-02-2018,25,10,1014.07,64,20,32,18,14,7,1017,1010,0
01-03-2018,27,10,1012.18,57,12,34,20,16,5,1015,1008,0
02-03-2018,26,6,1011.18,53,11,33,20,12,3,1014,1007,0
03-03-2018,26,4,1009.23,49,5,34,19,9,-3,1017,1005,0
04-03-2018,25,8,1010.19,49,16,32,18,11,2,1018,1007,0
05-03-2018,23,7,1013.96,100,11,30,16,13,0,1017,1011,0
06-03-2018,22,4,1015.39,48,6,29,15,9,-3,1018,1012,0
07-03-2018,24,2,1014.07,55,5,32,15,8,-6,1017,1011,0
08-03-2018,24,1,1014.41,42,7,32,15,5,-5,1017,1011,0
09-03-2018,26,3,1014.16,37,8,33,19,6,-1,1017,1009,0
10-03-2018,26,4,1013.76,38,6,34,19,8,0,1017,1009,0
11-03-2018,26,3,1013,46,6,34,18,10,-3,1016,1009,0
